slug,name,confidence,role,role_conf,powerW,powerW_conf,voltageV,voltageV_conf,capacityAh,capacityAh_conf,chemistry,chemistry_conf,inverterContinuousW,inverterContinuousW_conf,inverterPeakW,inverterPeakW_conf,systemVoltageV,systemVoltageV_conf,inverterType,inverterType_conf,mpptMaxVocV,mpptMaxVocV_conf,mpptMaxA,mpptMaxA_conf,panelVocV,panelVocV_conf,panelVmpV,panelVmpV_conf,cycles,cycles_conf
projecteur-solaire-450-watt-en-promo,Projecteur solaire 450 watt en promo,HIGH,accessory,HIGH,,,,,,,,,,,,,,,,,,,,,,,,,,
camera-solaire-classique-4g-camera-solaire-vc-21,Caméra solaire classique 4G / Caméra solaire VC 21,HIGH,accessory,HIGH,,,,,,,,,,,,,,,,,,,,,,,,,,
camera-triple-objectif-wifi-camera-solaire-wi-fi,Caméra triple objectif WiFi / Caméra solaire Wi-Fi,HIGH,accessory,HIGH,,,,,,,,,,,,,,,,,,,,,,,,,,
lampe-solaire-ip67,Lampe solaire IP67,HIGH,accessory,HIGH,,,,,,,,,,,,,,,,,,,,,,,,,,
onduleur-hybride-solaire-5kw-48v-mppt,Onduleur Hybride Solaire 5KW 48V MPPT,MEDIUM,inverter,HIGH,5000,HIGH,,,,,,,5000,MEDIUM,,,48,MEDIUM,hybrid,HIGH,,,,,,,,,,
batterie-solaire-gel-12v-200ah-c10,Batterie Solaire Gel 12V 200Ah C10,MEDIUM,battery,HIGH,,,12,MEDIUM,200,HIGH,gel,HIGH,,,,,,,,,,,,,,,,,,
onduleur-hybride-solaire-3kw-24v-mppt,Onduleur Hybride Solaire 3KW 24V MPPT,MEDIUM,inverter,HIGH,3000,HIGH,,,,,,,3000,MEDIUM,,,24,MEDIUM,hybrid,HIGH,,,,,,,,,,
panneau-solaire-monocristallin-450w-perc,Panneau Solaire Monocristallin 450W PERC,MEDIUM,panel,HIGH,450,MEDIUM,,,,,,,,,,,,,,,,,,,,,,,,
batterie-solaire-gel-12v-100ah,Batterie Solaire Gel 12V 100Ah,MEDIUM,battery,HIGH,,,12,MEDIUM,100,HIGH,gel,HIGH,,,,,,,,,,,,,,,,,,
panneau-solaire-monocristallin-100w-18v,Panneau Solaire Monocristallin 100W 18V,MEDIUM,panel,HIGH,100,MEDIUM,18,MEDIUM,,,,,,,,,,,,,,,,,,,,,,
convertisseur-onduleur-1000w-12v-vers-220v,Convertisseur Onduleur 1000W 12V vers 220V,MEDIUM,inverter,HIGH,1000,MEDIUM,,,,,,,1000,MEDIUM,,,,,converter,HIGH,,,,,,,,,,
kit-eclairage-solaire-familial-3-ampoules-avec-port-usb,Kit Éclairage Solaire Familial 3 Ampoules avec Port USB,HIGH,kit,HIGH,,,,,,,,,,,,,,,,,,,,,,,,,,
projecteur-solaire-led-100w-ip67-avec-telecommande,Projecteur Solaire LED 100W IP67 avec Télécommande,HIGH,accessory,HIGH,,,,,,,,,,,,,,,,,,,,,,,,,,
regulateur-de-charge-solaire-pwm-30a-12v-24v,Régulateur de Charge Solaire PWM 30A 12V/24V,MEDIUM,controller,HIGH,,,,,,,,,,,,,24,MEDIUM,,,,,30,MEDIUM,,,,,,
camera-solaire-ip-double-objectif-exterieure-ptz-8mp-4g,Caméra solaire IP double objectif extérieure PTZ 8MP 4G,HIGH,accessory,HIGH,,,,,,,,,,,,,,,,,,,,,,,,,,
ventilateur-rechargeable-solaire-16-pouces-avec-panneau,Ventilateur Rechargeable Solaire 16 Pouces avec Panneau,HIGH,panel,HIGH,,,,,,,,,,,,,,,,,,,,,,,,,,